Asset Name,Asset ID,Used Identifier,Reason Skipped
ABCVN02882V,26003324745,ABCVN02882V,Not found in Jira (update-only mode)
aws,26003320782,aws,Not found in Jira (update-only mode)
IRRI-H-ABOMUHAN,26003317013,PC2DDDH9,Not found in Jira (update-only mode)
V30FLX59,26003301247,V30FLX59,Not found in Jira (update-only mode)
V30FLWTR,26003301246,V30FLWTR,Not found in Jira (update-only mode)
V30FLYK9,26003301245,V30FLYK9,Not found in Jira (update-only mode)
V30FLZCF,26003301244,V30FLZCF,Not found in Jira (update-only mode)
V30FLZCK,26003301243,V30FLZCK,Not found in Jira (update-only mode)
V30FLYMX,26003301242,V30FLYMX,Not found in Jira (update-only mode)
V30FN990,26003301241,V30FN990,Not found in Jira (update-only mode)
V30FN9AV,26003301240,V30FN9AV,Not found in Jira (update-only mode)
V30FLWZK,26003301239,V30FLWZK,Not found in Jira (update-only mode)
V30G6VNA,26003301238,V30G6VNA,Not found in Jira (update-only mode)
V30FLWRH,26003301237,V30FLWRH,Not found in Jira (update-only mode)
V30FN9Z7,26003301235,V30FN9Z7,Not found in Jira (update-only mode)
V30FLZCV,26003301234,V30FLZCV,Not found in Jira (update-only mode)
V30FLWZT,26003301233,V30FLWZT,Not found in Jira (update-only mode)
V30FLWRY,26003301232,V30FLWRY,Not found in Jira (update-only mode)
V30FLYR4,26003301231,V30FLYR4,Not found in Jira (update-only mode)
V30FLZ8D,26003301230,V30FLZ8D,Not found in Jira (update-only mode)
V30FLZCW,26003301229,V30FLZCW,Not found in Jira (update-only mode)
V30FLWTA,26003301228,V30FLWTA,Not found in Jira (update-only mode)
V30FN9T0,26003301227,V30FN9T0,Not found in Jira (update-only mode)
V30FN9WA,26003301226,V30FN9WA,Not found in Jira (update-only mode)
V30FN99X,26003301225,V30FN99X,Not found in Jira (update-only mode)
V30FN99V,26003301224,V30FN99V,Not found in Jira (update-only mode)
V30FLWTG,26003301223,V30FLWTG,Not found in Jira (update-only mode)
V30FLZ88,26003301222,V30FLZ88,Not found in Jira (update-only mode)
V30FLWT5,26003301221,V30FLWT5,Not found in Jira (update-only mode)
V30FN995,26003301220,V30FN995,Not found in Jira (update-only mode)
V30FLX55,26003301219,V30FLX55,Not found in Jira (update-only mode)
V30FN9F3,26003301218,V30FN9F3,Not found in Jira (update-only mode)
V30FLZGC,26003301217,V30FLZGC,Not found in Jira (update-only mode)
V30FLWRW,26003301216,V30FLWRW,Not found in Jira (update-only mode)
V30FN98Z,26003301215,V30FN98Z,Not found in Jira (update-only mode)
V30FN9ZG,26003301214,V30FN9ZG,Not found in Jira (update-only mode)
V30FN9F8,26003301213,V30FN9F8,Not found in Jira (update-only mode)
V30FLZGF,26003301212,V30FLZGF,Not found in Jira (update-only mode)
V30FLZCH,26003301211,V30FLZCH,Not found in Jira (update-only mode)
V30FLWRL,26003301210,V30FLWRL,Not found in Jira (update-only mode)
V30FLZ86,26003301209,V30FLZ86,Not found in Jira (update-only mode)
V30FLZ8B,26003301208,V30FLZ8B,Not found in Jira (update-only mode)
V30FLWV1,26003301207,V30FLWV1,Not found in Jira (update-only mode)
V30FN9FA,26003301206,V30FN9FA,Not found in Jira (update-only mode)
V30FLZAX,26003301205,V30FLZAX,Not found in Jira (update-only mode)
V30FNA04,26003301204,V30FNA04,Not found in Jira (update-only mode)
V30FLX3V,26003301203,V30FLX3V,Not found in Jira (update-only mode)
V30FLZCR,26003301202,V30FLZCR,Not found in Jira (update-only mode)
V30FLYX7,26003301201,V30FLYX7,Not found in Jira (update-only mode)
V30FLWRM,26003301200,V30FLWRM,Not found in Jira (update-only mode)
V30FLZCP,26003301199,V30FLZCP,Not found in Jira (update-only mode)
V30FLWTK,26003301198,V30FLWTK,Not found in Jira (update-only mode)
V30G6VNC,26003301197,V30G6VNC,Not found in Jira (update-only mode)
V30FN99M,26003301196,V30FN99M,Not found in Jira (update-only mode)
V30FN9G3,26003301195,V30FN9G3,Not found in Jira (update-only mode)
V30FN9F9,26003301194,V30FN9F9,Not found in Jira (update-only mode)
V30FN9FB,26003301183,V30FN9FB,Not found in Jira (update-only mode)
V30FLZ6M,26003301182,V30FLZ6M,Not found in Jira (update-only mode)
V30FLZBA,26003301181,V30FLZBA,Not found in Jira (update-only mode)
V30FLWRP,26003301180,V30FLWRP,Not found in Jira (update-only mode)
V30FLWT6,26003301179,V30FLWT6,Not found in Jira (update-only mode)
V30FLZ7B,26003301178,V30FLZ7B,Not found in Jira (update-only mode)
V30FLZCC,26003301177,V30FLZCC,Not found in Jira (update-only mode)
V30FLYKY,26003301176,V30FLYKY,Not found in Jira (update-only mode)
V30FLZ7D,26003301175,V30FLZ7D,Not found in Jira (update-only mode)
V30FLWWR,26003301174,V30FLWWR,Not found in Jira (update-only mode)
V30FLZ8C,26003301172,V30FLZ8C,Not found in Jira (update-only mode)
V30FN9BR,26003301171,V30FN9BR,Not found in Jira (update-only mode)
V30FLYW9,26003301170,V30FLYW9,Not found in Jira (update-only mode)
V30FN9GP,26003301169,V30FN9GP,Not found in Jira (update-only mode)
V30FLZ7H,26003301168,V30FLZ7H,Not found in Jira (update-only mode)
V30FN9FG,26003301167,V30FN9FG,Not found in Jira (update-only mode)
V30FLWV3,26003301166,V30FLWV3,Not found in Jira (update-only mode)
V30FLWT4,26003301165,V30FLWT4,Not found in Jira (update-only mode)
V30FLZC9,26003301164,V30FLZC9,Not found in Jira (update-only mode)
V30FLWTM,26003301163,V30FLWTM,Not found in Jira (update-only mode)
V30FN9AW,26003301162,V30FN9AW,Not found in Jira (update-only mode)
V30FLWRT,26003301161,V30FLWRT,Not found in Jira (update-only mode)
V30FLWT9,26003301159,V30FLWT9,Not found in Jira (update-only mode)
V30FN9Z3,26003301158,V30FN9Z3,Not found in Jira (update-only mode)
V30FLZCM,26003301157,V30FLZCM,Not found in Jira (update-only mode)
V30FN9X5,26003301156,V30FN9X5,Not found in Jira (update-only mode)
V30FN9BT,26003301155,V30FN9BT,Not found in Jira (update-only mode)
V30FLZGG,26003301154,V30FLZGG,Not found in Jira (update-only mode)
V30FLZCN,26003301153,V30FLZCN,Not found in Jira (update-only mode)
V30FLWZL,26003301152,V30FLWZL,Not found in Jira (update-only mode)
V30FLZ77,26003301151,V30FLZ77,Not found in Jira (update-only mode)
V30FLZ87,26003301150,V30FLZ87,Not found in Jira (update-only mode)
V30FN9CD,26003301149,V30FN9CD,Not found in Jira (update-only mode)
V30FLZBF,26003301148,V30FLZBF,Not found in Jira (update-only mode)
V30FLWR3,26003301147,V30FLWR3,Not found in Jira (update-only mode)
V30FLYY1,26003301146,V30FLYY1,Not found in Jira (update-only mode)
V30FLZ79,26003301145,V30FLZ79,Not found in Jira (update-only mode)
V30FLX4Z,26003301144,V30FLX4Z,Not found in Jira (update-only mode)
V30FLYVH,26003301143,V30FLYVH,Not found in Jira (update-only mode)
V30FLX4Z,26003301144,V30FLX4Z,Not found in Jira (update-only mode)
V30FLYVH,26003301143,V30FLYVH,Not found in Jira (update-only mode)
V30FN99C,26003301142,V30FN99C,Not found in Jira (update-only mode)
V30FLZGH,26003301141,V30FLZGH,Not found in Jira (update-only mode)
V30FLZCB,26003301140,V30FLZCB,Not found in Jira (update-only mode)
V30FN9AZ,26003301139,V30FN9AZ,Not found in Jira (update-only mode)
V30FLWV2,26003301138,V30FLWV2,Not found in Jira (update-only mode)
V30FN9BN,26003301137,V30FN9BN,Not found in Jira (update-only mode)
V30FLWT7,26003301136,V30FLWT7,Not found in Jira (update-only mode)
V30FLZCT,26003301135,V30FLZCT,Not found in Jira (update-only mode)
V30FLZCD,26003301134,V30FLZCD,Not found in Jira (update-only mode)
V30FN99R,26003301133,V30FN99R,Not found in Jira (update-only mode)
V30FN9ZD,26003301132,V30FN9ZD,Not found in Jira (update-only mode)
V30FLWT2,26003301131,V30FLWT2,Not found in Jira (update-only mode)
V30FN9F6,26003301130,V30FN9F6,Not found in Jira (update-only mode)
V30FLZCL,26003301129,V30FLZCL,Not found in Jira (update-only mode)
V30FLX0X,26003301128,V30FLX0X,Not found in Jira (update-only mode)
CIATCO01107D,26003287381,HDCV2W2,Not found in Jira (update-only mode)
CIATCO01095D,26003287380,HDGP2W2,Not found in Jira (update-only mode)
CIATCO01105D,26003287379,HDCS2W2,Not found in Jira (update-only mode)
CIATCO01104D,26003287378,HD9T2W2,Not found in Jira (update-only mode)
CIATCO01108D,26003287377,HDFQ2W2,Not found in Jira (update-only mode)
CIATCO01106D,26003287376,HDBT2W2,Not found in Jira (update-only mode)
CIATCO01100D,26003287375,HDCT2W2,Not found in Jira (update-only mode)
ABCIT03452L,26003336037,C7R477H9F7,Not found in Jira by Serial Number (update-only mode)
IRRI-H-ABOMUHAN,26003317013,PC2DDDH9,Not found in Jira by Serial Number (update-only mode)
V30FLX59,26003301247,V30FLX59,Not found in Jira by Serial Number (update-only mode)
V30FLWTR,26003301246,V30FLWTR,Not found in Jira by Serial Number (update-only mode)
V30FLYK9,26003301245,V30FLYK9,Not found in Jira by Serial Number (update-only mode)
V30FLZCF,26003301244,V30FLZCF,Not found in Jira by Serial Number (update-only mode)
V30FLZCK,26003301243,V30FLZCK,Not found in Jira by Serial Number (update-only mode)
V30FLYMX,26003301242,V30FLYMX,Not found in Jira by Serial Number (update-only mode)
V30FN990,26003301241,V30FN990,Not found in Jira by Serial Number (update-only mode)
V30FN9AV,26003301240,V30FN9AV,Not found in Jira by Serial Number (update-only mode)
V30FLWZK,26003301239,V30FLWZK,Not found in Jira by Serial Number (update-only mode)
V30G6VNA,26003301238,V30G6VNA,Not found in Jira by Serial Number (update-only mode)
V30FLWRH,26003301237,V30FLWRH,Not found in Jira by Serial Number (update-only mode)
V30FN9WB,26003301236,V30FN9WB,Not found in Jira by Serial Number (update-only mode)
V30FN9Z7,26003301235,V30FN9Z7,Not found in Jira by Serial Number (update-only mode)
V30FLZCV,26003301234,V30FLZCV,Not found in Jira by Serial Number (update-only mode)
V30FLWZT,26003301233,V30FLWZT,Not found in Jira by Serial Number (update-only mode)
V30FLWRY,26003301232,V30FLWRY,Not found in Jira by Serial Number (update-only mode)
V30FLYR4,26003301231,V30FLYR4,Not found in Jira by Serial Number (update-only mode)
V30FLZ8D,26003301230,V30FLZ8D,Not found in Jira by Serial Number (update-only mode)
V30FLZCW,26003301229,V30FLZCW,Not found in Jira by Serial Number (update-only mode)
V30FLWTA,26003301228,V30FLWTA,Not found in Jira by Serial Number (update-only mode)
V30FN9T0,26003301227,V30FN9T0,Not found in Jira by Serial Number (update-only mode)
V30FN9WA,26003301226,V30FN9WA,Not found in Jira by Serial Number (update-only mode)
V30FN99X,26003301225,V30FN99X,Not found in Jira by Serial Number (update-only mode)
V30FN99V,26003301224,V30FN99V,Not found in Jira by Serial Number (update-only mode)
V30FLWTG,26003301223,V30FLWTG,Not found in Jira by Serial Number (update-only mode)
V30FLZ88,26003301222,V30FLZ88,Not found in Jira by Serial Number (update-only mode)
V30FLWT5,26003301221,V30FLWT5,Not found in Jira by Serial Number (update-only mode)
V30FN995,26003301220,V30FN995,Not found in Jira by Serial Number (update-only mode)
V30FLX55,26003301219,V30FLX55,Not found in Jira by Serial Number (update-only mode)
V30FN9F3,26003301218,V30FN9F3,Not found in Jira by Serial Number (update-only mode)
V30FLZGC,26003301217,V30FLZGC,Not found in Jira by Serial Number (update-only mode)
V30FLWRW,26003301216,V30FLWRW,Not found in Jira by Serial Number (update-only mode)
V30FN98Z,26003301215,V30FN98Z,Not found in Jira by Serial Number (update-only mode)
V30FN9ZG,26003301214,V30FN9ZG,Not found in Jira by Serial Number (update-only mode)
V30FN9F8,26003301213,V30FN9F8,Not found in Jira by Serial Number (update-only mode)
V30FLZGF,26003301212,V30FLZGF,Not found in Jira by Serial Number (update-only mode)
V30FLZCH,26003301211,V30FLZCH,Not found in Jira by Serial Number (update-only mode)
V30FLWRL,26003301210,V30FLWRL,Not found in Jira by Serial Number (update-only mode)
V30FLZ86,26003301209,V30FLZ86,Not found in Jira by Serial Number (update-only mode)
V30FLZ8B,26003301208,V30FLZ8B,Not found in Jira by Serial Number (update-only mode)
V30FLWV1,26003301207,V30FLWV1,Not found in Jira by Serial Number (update-only mode)
V30FN9FA,26003301206,V30FN9FA,Not found in Jira by Serial Number (update-only mode)
V30FLZAX,26003301205,V30FLZAX,Not found in Jira by Serial Number (update-only mode)
V30FNA04,26003301204,V30FNA04,Not found in Jira by Serial Number (update-only mode)
V30FLX3V,26003301203,V30FLX3V,Not found in Jira by Serial Number (update-only mode)
V30FLZCR,26003301202,V30FLZCR,Not found in Jira by Serial Number (update-only mode)
V30FLYX7,26003301201,V30FLYX7,Not found in Jira by Serial Number (update-only mode)
V30FLWRM,26003301200,V30FLWRM,Not found in Jira by Serial Number (update-only mode)
V30FLZCP,26003301199,V30FLZCP,Not found in Jira by Serial Number (update-only mode)
V30FLWTK,26003301198,V30FLWTK,Not found in Jira by Serial Number (update-only mode)
V30G6VNC,26003301197,V30G6VNC,Not found in Jira by Serial Number (update-only mode)
V30FN99M,26003301196,V30FN99M,Not found in Jira by Serial Number (update-only mode)
V30FN9G3,26003301195,V30FN9G3,Not found in Jira by Serial Number (update-only mode)
V30FN9F9,26003301194,V30FN9F9,Not found in Jira by Serial Number (update-only mode)
V30FLWTV,26003301193,V30FLWTV,Not found in Jira by Serial Number (update-only mode)
V30FLYX8,26003301192,V30FLYX8,Not found in Jira by Serial Number (update-only mode)
V30FLWRK,26003301191,V30FLWRK,Not found in Jira by Serial Number (update-only mode)
V30FN9AD,26003301190,V30FN9AD,Not found in Jira by Serial Number (update-only mode)
V30FLZ7C,26003301189,V30FLZ7C,Not found in Jira by Serial Number (update-only mode)
V30FLX0Z,26003301188,V30FLX0Z,Not found in Jira by Serial Number (update-only mode)
V30FLZ78,26003301187,V30FLZ78,Not found in Jira by Serial Number (update-only mode)
V30FN9G1,26003301186,V30FN9G1,Not found in Jira by Serial Number (update-only mode)
V30FLWT1,26003301185,V30FLWT1,Not found in Jira by Serial Number (update-only mode)
V30FLZ6R,26003301184,V30FLZ6R,Not found in Jira by Serial Number (update-only mode)
V30FN9FB,26003301183,V30FN9FB,Not found in Jira by Serial Number (update-only mode)
V30FLZ6M,26003301182,V30FLZ6M,Not found in Jira by Serial Number (update-only mode)
V30FLZBA,26003301181,V30FLZBA,Not found in Jira by Serial Number (update-only mode)
V30FLWRP,26003301180,V30FLWRP,Not found in Jira by Serial Number (update-only mode)
V30FLWT6,26003301179,V30FLWT6,Not found in Jira by Serial Number (update-only mode)
V30FLZ7B,26003301178,V30FLZ7B,Not found in Jira by Serial Number (update-only mode)
V30FLZCC,26003301177,V30FLZCC,Not found in Jira by Serial Number (update-only mode)
V30FLYKY,26003301176,V30FLYKY,Not found in Jira by Serial Number (update-only mode)
V30FLZ7D,26003301175,V30FLZ7D,Not found in Jira by Serial Number (update-only mode)
V30FLWWR,26003301174,V30FLWWR,Not found in Jira by Serial Number (update-only mode)
V30FLZC8,26003301173,V30FLZC8,Not found in Jira by Serial Number (update-only mode)
V30FLZ8C,26003301172,V30FLZ8C,Not found in Jira by Serial Number (update-only mode)
V30FN9BR,26003301171,V30FN9BR,Not found in Jira by Serial Number (update-only mode)
V30FLYW9,26003301170,V30FLYW9,Not found in Jira by Serial Number (update-only mode)
V30FN9GP,26003301169,V30FN9GP,Not found in Jira by Serial Number (update-only mode)
V30FLZ7H,26003301168,V30FLZ7H,Not found in Jira by Serial Number (update-only mode)
V30FN9FG,26003301167,V30FN9FG,Not found in Jira by Serial Number (update-only mode)
V30FLWV3,26003301166,V30FLWV3,Not found in Jira by Serial Number (update-only mode)
V30FLWT4,26003301165,V30FLWT4,Not found in Jira by Serial Number (update-only mode)
V30FLZC9,26003301164,V30FLZC9,Not found in Jira by Serial Number (update-only mode)
V30FLWTM,26003301163,V30FLWTM,Not found in Jira by Serial Number (update-only mode)
V30FN9AW,26003301162,V30FN9AW,Not found in Jira by Serial Number (update-only mode)
V30FLWRT,26003301161,V30FLWRT,Not found in Jira by Serial Number (update-only mode)
V30FN9RG,26003301160,V30FN9RG,Not found in Jira by Serial Number (update-only mode)
V30FLWT9,26003301159,V30FLWT9,Not found in Jira by Serial Number (update-only mode)
V30FN9Z3,26003301158,V30FN9Z3,Not found in Jira by Serial Number (update-only mode)
V30FLZCM,26003301157,V30FLZCM,Not found in Jira by Serial Number (update-only mode)
V30FN9X5,26003301156,V30FN9X5,Not found in Jira by Serial Number (update-only mode)
V30FN9BT,26003301155,V30FN9BT,Not found in Jira by Serial Number (update-only mode)
V30FLZGG,26003301154,V30FLZGG,Not found in Jira by Serial Number (update-only mode)
V30FLZCN,26003301153,V30FLZCN,Not found in Jira by Serial Number (update-only mode)
V30FLWZL,26003301152,V30FLWZL,Not found in Jira by Serial Number (update-only mode)
V30FLZ77,26003301151,V30FLZ77,Not found in Jira by Serial Number (update-only mode)
V30FLZ87,26003301150,V30FLZ87,Not found in Jira by Serial Number (update-only mode)
V30FN9CD,26003301149,V30FN9CD,Not found in Jira by Serial Number (update-only mode)
V30FLZBF,26003301148,V30FLZBF,Not found in Jira by Serial Number (update-only mode)
V30FLWR3,26003301147,V30FLWR3,Not found in Jira by Serial Number (update-only mode)
V30FLYY1,26003301146,V30FLYY1,Not found in Jira by Serial Number (update-only mode)
V30FLZ79,26003301145,V30FLZ79,Not found in Jira by Serial Number (update-only mode)
V30FLX4Z,26003301144,V30FLX4Z,Not found in Jira by Serial Number (update-only mode)
V30FLYVH,26003301143,V30FLYVH,Not found in Jira by Serial Number (update-only mode)
V30FN99C,26003301142,V30FN99C,Not found in Jira by Serial Number (update-only mode)
V30FLZGH,26003301141,V30FLZGH,Not found in Jira by Serial Number (update-only mode)
V30FLZCB,26003301140,V30FLZCB,Not found in Jira by Serial Number (update-only mode)
V30FN9AZ,26003301139,V30FN9AZ,Not found in Jira by Serial Number (update-only mode)
V30FLWV2,26003301138,V30FLWV2,Not found in Jira by Serial Number (update-only mode)
V30FN9BN,26003301137,V30FN9BN,Not found in Jira by Serial Number (update-only mode)
V30FLWT7,26003301136,V30FLWT7,Not found in Jira by Serial Number (update-only mode)
V30FLZCT,26003301135,V30FLZCT,Not found in Jira by Serial Number (update-only mode)
V30FLZCD,26003301134,V30FLZCD,Not found in Jira by Serial Number (update-only mode)
V30FN99R,26003301133,V30FN99R,Not found in Jira by Serial Number (update-only mode)
V30FN9ZD,26003301132,V30FN9ZD,Not found in Jira by Serial Number (update-only mode)
V30FLWT2,26003301131,V30FLWT2,Not found in Jira by Serial Number (update-only mode)
V30FN9F6,26003301130,V30FN9F6,Not found in Jira by Serial Number (update-only mode)
V30FLZCL,26003301129,V30FLZCL,Not found in Jira by Serial Number (update-only mode)
V30FLX0X,26003301128,V30FLX0X,Not found in Jira by Serial Number (update-only mode)
CIATCO01107D,26003287381,HDCV2W2,Not found in Jira by Serial Number (update-only mode)
CIATCO01095D,26003287380,HDGP2W2,Not found in Jira by Serial Number (update-only mode)
CIATCO01105D,26003287379,HDCS2W2,Not found in Jira by Serial Number (update-only mode)
CIATCO01104D,26003287378,HD9T2W2,Not found in Jira by Serial Number (update-only mode)
CIATCO01108D,26003287377,HDFQ2W2,Not found in Jira by Serial Number (update-only mode)
CIATCO01106D,26003287376,HDBT2W2,Not found in Jira by Serial Number (update-only mode)
CIATCO01100D,26003287375,HDCT2W2,Not found in Jira by Serial Number (update-only mode)
CIATCO01296D,26003287374,74B7F33,Not found in Jira by Serial Number (update-only mode)
CIATCO01276D,26003287373,74F4F33,Not found in Jira by Serial Number (update-only mode)
CIATCO01286D,26003287372,74B8F33,Not found in Jira by Serial Number (update-only mode)
CIATCO01277D,26003287371,74C6F33,Not found in Jira by Serial Number (update-only mode)
DESKTOP-JCJCSIR,26003287370,34TFHJ2,Not found in Jira by Serial Number (update-only mode)
BIO-TABDULAI-1,26003287369,PC03MV8R,Not found in Jira by Serial Number (update-only mode)
BIO-MGRIGORAS-1,26003287368,DZVTK2J,Not found in Jira by Serial Number (update-only mode)
BIO-ARCHIVE-2,26003287367,BBRK0S2,Not found in Jira by Serial Number (update-only mode)
BIO-STHAPIT-2,26003287366,BHSH0S2,Not found in Jira by Serial Number (update-only mode)
CIATCO00851D,26003287365,8CFPCP2,Not found in Jira by Serial Number (update-only mode)
ABCCO01500D,26003287364,HG4TMH3,Not found in Jira by Serial Number (update-only mode)
3691W10,26003287363,74G5F33,Not found in Jira by Serial Number (update-only mode)
CIATCO01084D,26003287362,HDBV2W2,Not found in Jira by Serial Number (update-only mode)
CIATCO00965D,26003287361,8CFRCP2,Not found in Jira by Serial Number (update-only mode)
CIATCO01278D,26003287360,74D4F33,Not found in Jira by Serial Number (update-only mode)
BIO-TABDULAI-2,26003287359,BHQJ0S2,Not found in Jira by Serial Number (update-only mode)
ABCCO01542D,26003287358,HG3TMH3,Not found in Jira by Serial Number (update-only mode)
CIATCO01096D,26003287357,HDKP2W2,Not found in Jira by Serial Number (update-only mode)
CIATCO01094D,26003287356,HD8S2W2,Not found in Jira by Serial Number (update-only mode)
ABCCO01546D,26003287355,HG4PMH3,Not found in Jira by Serial Number (update-only mode)
ABCCO01544D,26003287354,HG3NMH3,Not found in Jira by Serial Number (update-only mode)
CIATCO01499D,26003287353,HG3PMH3,Not found in Jira by Serial Number (update-only mode)
CIATCO01532D,26003287352,HG4SMH3,Not found in Jira by Serial Number (update-only mode)
CIATCO01526D,26003287351,HG2NMH3,Not found in Jira by Serial Number (update-only mode)
CIATCO01507D,26003287350,HG1VMH3,Not found in Jira by Serial Number (update-only mode)
CIATCO01506D,26003287349,HG1ZMH3,Not found in Jira by Serial Number (update-only mode)
CIATCO01504D,26003287348,HG2VMH3,Not found in Jira by Serial Number (update-only mode)
CIATCO01499D,26003287347,HG41NH3,Not found in Jira by Serial Number (update-only mode)
CIATCO01498D,26003287346,HG30NH3,Not found in Jira by Serial Number (update-only mode)
CIATCO00724D,26003287345,DBK7HK2,Not found in Jira by Serial Number (update-only mode)
CIATCO01297D,26003287344,74G7F33,Not found in Jira by Serial Number (update-only mode)
CIATCO01296D,26003287343,74D7F33,Not found in Jira by Serial Number (update-only mode)
CIATCO01290D,26003287342,74D9F33,Not found in Jira by Serial Number (update-only mode)
CIATCO01284D,26003287341,74C5F33,Not found in Jira by Serial Number (update-only mode)
CIATCO00775D,26003287340,DB94HK2,Not found in Jira by Serial Number (update-only mode)
CIATCO01285D,26003287339,74G4F33,Not found in Jira by Serial Number (update-only mode)
CIATCO01118D,26003287338,HD9N2W2,Not found in Jira by Serial Number (update-only mode)
CIATCO00857D,26003287337,8CBSCP2,Not found in Jira by Serial Number (update-only mode)
CIATCO00760D,26003287336,DBH6HK2,Not found in Jira by Serial Number (update-only mode)
CIATCO01275D,26003287335,74D5F33,Not found in Jira by Serial Number (update-only mode)
CIATCO01098D,26003287334,HDGQ2W2,Not found in Jira by Serial Number (update-only mode)
CIATCO01103D,26003287333,HDGN2W2,Not found in Jira by Serial Number (update-only mode)
CIATCO01099D,26003287332,HDHS2W2,Not found in Jira by Serial Number (update-only mode)
CIATCO01097D,26003287331,HDKN2W2,Not found in Jira by Serial Number (update-only mode)
CIATCO01101D,26003287330,HDFR2W2,Not found in Jira by Serial Number (update-only mode)
CIATCO01102D,26003287329,HD9V2W2,Not found in Jira by Serial Number (update-only mode)
BIO-INUC-1,26003287328,B8AEED72A0F6,Not found in Jira by Serial Number (update-only mode)
ABCBN02357L,26003287327,PF4A4HX0,Not found in Jira by Serial Number (update-only mode)
ABCKE02992L,26003287326,GM0YLRHN,Not found in Jira by Serial Number (update-only mode)
ABCCO02787L,26003287325,GMOKAVE1,Not found in Jira by Serial Number (update-only mode)
ABCKE02553L,26003287324,PF4F08PE,Not found in Jira by Serial Number (update-only mode)
ABCKE02527L,26003287323,PF42L6VY,Not found in Jira by Serial Number (update-only mode)
ABCUG02375L,26003287322,PF4A4HW0,Not found in Jira by Serial Number (update-only mode)
ABCCO02214L,26003287321,PF4FK5AS,Not found in Jira by Serial Number (update-only mode)
ABCCO02174L,26003287320,PF4FZYZX,Not found in Jira by Serial Number (update-only mode)
ABCCO02163L,26003287319,PF4F7HF1,Not found in Jira by Serial Number (update-only mode)
ABCCO02117L,26003287318,PF4G03K5,Not found in Jira by Serial Number (update-only mode)
CIATCO01338L,26003287317,PC1HBTML,Not found in Jira by Serial Number (update-only mode)
ABCCO01355L,26003287316,PC1HBTMC,Not found in Jira by Serial Number (update-only mode)
CIATCO00905L,26003287315,PC0UCX1Q,Not found in Jira by Serial Number (update-only mode)
CIATKEIT01401L,26003287314,PC1XVH7D,Not found in Jira by Serial Number (update-only mode)
CIATCO01341L,26003287313,PC1HBTN5,Not found in Jira by Serial Number (update-only mode)
CIATCO00899L,26003287312,PC0UCX1D,Not found in Jira by Serial Number (update-only mode)
CIATKEIT01409L,26003287311,PC1XVH7M,Not found in Jira by Serial Number (update-only mode)
CIATCO01354L,26003287310,PC1HBTNE,Not found in Jira by Serial Number (update-only mode)
CIATCO01337L,26003287309,PC1HBTN0,Not found in Jira by Serial Number (update-only mode)
ABCCO01302L,26003287308,PC1HBTME,Not found in Jira by Serial Number (update-only mode)
CIATCO01311L,26003287307,PC1HBTN9,Not found in Jira by Serial Number (update-only mode)
CIATCO01326L,26003287306,PC1HBTM6,Not found in Jira by Serial Number (update-only mode)
CIATCO01309L,26003287305,PC1HBTNB,Not found in Jira by Serial Number (update-only mode)
CIATCO01320L,26003287304,PC1HBTMA,Not found in Jira by Serial Number (update-only mode)
CIATCO01325L,26003287303,PC1HBTN1,Not found in Jira by Serial Number (update-only mode)
CIATCO01304L,26003287302,PC1HBTN4,Not found in Jira by Serial Number (update-only mode)
BIO-ESAROOM-2,26003287301,DJ2JXY1,Not found in Jira by Serial Number (update-only mode)
BIO-LOANE7270-2,26003287300,59FRPF2,Not found in Jira by Serial Number (update-only mode)
CIATCO00534L,26003287299,PC0CTUCD,Not found in Jira by Serial Number (update-only mode)
ABCCO01161L,26003287298,PC14J7TD,Not found in Jira by Serial Number (update-only mode)
ABCCO01192L,26003287297,PC14HW8C,Not found in Jira by Serial Number (update-only mode)
BIO-ESZARKA-2,26003287296,6K19YY2,Not found in Jira by Serial Number (update-only mode)
ABCCO01169L,26003287295,PC14HW7X,Not found in Jira by Serial Number (update-only mode)
ABCCO01196,26003287294,PC1322RM,Not found in Jira by Serial Number (update-only mode)
ABCCO01168L,26003287293,PC14HW7L,Not found in Jira by Serial Number (update-only mode)
BIO-FBORGIA-1,26003287292,B25XVT2,Not found in Jira by Serial Number (update-only mode)
ABCCO01228L,26003287291,PF1G94BA,Not found in Jira by Serial Number (update-only mode)
ABCCO01233L,26003287290,PF1G93PC,Not found in Jira by Serial Number (update-only mode)
ABCCO01133L,26003287289,PC0Z4M66,Not found in Jira by Serial Number (update-only mode)
CIATRWIT01420L,26003287288,PC200F1T,Not found in Jira by Serial Number (update-only mode)
CIATCO7008L,26003287287,PC04SPAU,Not found in Jira by Serial Number (update-only mode)
ABCCO01005L,26003287286,PC0Z4M5Y,Not found in Jira by Serial Number (update-only mode)
ABCCO01229L,26003287285,PF1G94PK,Not found in Jira by Serial Number (update-only mode)
ABCCO01017L,26003287284,PC0Z4M6P,Not found in Jira by Serial Number (update-only mode)
ABCCO01234L,26003287283,PF1GHSU5,Not found in Jira by Serial Number (update-only mode)
ABCCO00599L,26003287282,PC0FTSTD,Not found in Jira by Serial Number (update-only mode)
ABCCO01139L,26003287281,PC14J7TV,Not found in Jira by Serial Number (update-only mode)
ABCCO01146L,26003287280,PC14HW7Y,Not found in Jira by Serial Number (update-only mode)
BIO-TESTVAL,26003287279,PC097ECQ,Not found in Jira by Serial Number (update-only mode)
ABCCO01138L,26003287278,PC0Z4M6Q,Not found in Jira by Serial Number (update-only mode)
ABCCO01232L,26003287277,PF1G92M5,Not found in Jira by Serial Number (update-only mode)
BIO-MMALAPEL-1,26003287276,5V5B6S2,Not found in Jira by Serial Number (update-only mode)
ABCCO01127L,26003287275,PC14J7TR,Not found in Jira by Serial Number (update-only mode)
ABCCO01177L,26003287274,PC14HW7G,Not found in Jira by Serial Number (update-only mode)
ABCCO01140L,26003287273,PC14HW8A,Not found in Jira by Serial Number (update-only mode)
ABCCO01217L,26003287272,PC17JB6K,Not found in Jira by Serial Number (update-only mode)
ABCCO01189L,26003287271,PC14HW7N,Not found in Jira by Serial Number (update-only mode)
ABCCO01190L,26003287270,PC14HW8L,Not found in Jira by Serial Number (update-only mode)
ABCCO01179L,26003287269,PC14HW7Q,Not found in Jira by Serial Number (update-only mode)
CIATCO01231L,26003287268,PF1G951L,Not found in Jira by Serial Number (update-only mode)
ABCCO01184L,26003287267,PC14HW7J,Not found in Jira by Serial Number (update-only mode)
ABCCO01152L,26003287266,PC14HW87,Not found in Jira by Serial Number (update-only mode)
ABCCO01145L,26003287265,PC14J7TH,Not found in Jira by Serial Number (update-only mode)
ABCCO01129L,26003287264,PC14J7T7,Not found in Jira by Serial Number (update-only mode)
ABCCO01150L,26003287263,PC14HW8J,Not found in Jira by Serial Number (update-only mode)
ABCCO01016L,26003287262,PC0Z4M6S,Not found in Jira by Serial Number (update-only mode)
CIATKEIT01771L,26003287261,MJ0GACLL,Not found in Jira by Serial Number (update-only mode)
ABCCO00682L,26003287260,PC0F7HV2,Not found in Jira by Serial Number (update-only mode)
CIATCO00675L,26003287259,PC0FW0UA,Not found in Jira by Serial Number (update-only mode)
BIO-GALATRIST-1,26003287258,806B6S2,Not found in Jira by Serial Number (update-only mode)
CIATCO00412L,26003287257,PC08WHEX,Not found in Jira by Serial Number (update-only mode)
CRECIATCO0350TV,26003362685,CRECIATCO0350TV,Not found in Jira by Asset Name (update-only mode)
ABCIT03452L,26003336037,ABCIT03452L,Not found in Jira by Asset Name (update-only mode)
VTV05GKK,26002645141,VTV05GKK,Not found in Jira by Asset Name (update-only mode)
VTV02L0C,26002645140,VTV02L0C,Not found in Jira by Asset Name (update-only mode)
VTV05GU3,26002645139,VTV05GU3,Not found in Jira by Asset Name (update-only mode)
VTV05GU1,26002645138,VTV05GU1,Not found in Jira by Asset Name (update-only mode)
VTV05GKD,26002645137,VTV05GKD,Not found in Jira by Asset Name (update-only mode)
VTV05GTT,26002645136,VTV05GTT,Not found in Jira by Asset Name (update-only mode)
VTV02KXX,26002645135,VTV02KXX,Not found in Jira by Asset Name (update-only mode)
VTV05GU2,26002645134,VTV05GU2,Not found in Jira by Asset Name (update-only mode)
VTV05GUD,26002645133,VTV05GUD,Not found in Jira by Asset Name (update-only mode)
VTV02KXU,26002645132,VTV02KXU,Not found in Jira by Asset Name (update-only mode)
VTV02KZP,26002645131,VTV02KZP,Not found in Jira by Asset Name (update-only mode)
VTV02KXA,26002645130,VTV02KXA,Not found in Jira by Asset Name (update-only mode)
VTV05GTV,26002645129,VTV05GTV,Not found in Jira by Asset Name (update-only mode)
VTV02KXG,26002645128,VTV02KXG,Not found in Jira by Asset Name (update-only mode)
VTV05GUE,26002645127,VTV05GUE,Not found in Jira by Asset Name (update-only mode)
VTV02KZS,26002645126,VTV02KZS,Not found in Jira by Asset Name (update-only mode)
VTV05GJD,26002645125,VTV05GJD,Not found in Jira by Asset Name (update-only mode)
VTV02KZV,26002645124,VTV02KZV,Not found in Jira by Asset Name (update-only mode)
VTV05GUG,26002645123,VTV05GUG,Not found in Jira by Asset Name (update-only mode)
VTV05GUA,26002645122,VTV05GUA,Not found in Jira by Asset Name (update-only mode)
VTV05GUU,26002645121,VTV05GUU,Not found in Jira by Asset Name (update-only mode)
VTV0E9Y7,26002645120,VTV0E9Y7,Not found in Jira by Asset Name (update-only mode)
VTV02KZQ,26002645119,VTV02KZQ,Not found in Jira by Asset Name (update-only mode)
VTV05GUC,26002645118,VTV05GUC,Not found in Jira by Asset Name (update-only mode)
VTV02KXK,26002645117,VTV02KXK,Not found in Jira by Asset Name (update-only mode)
VTV05GTX,26002645116,VTV05GTX,Not found in Jira by Asset Name (update-only mode)
VTV0E9Y0,26002645115,VTV0E9Y0,Not found in Jira by Asset Name (update-only mode)
VTV05GUJ,26002645114,VTV05GUJ,Not found in Jira by Asset Name (update-only mode)
VTV02KXT,26002645113,VTV02KXT,Not found in Jira by Asset Name (update-only mode)
VTV02KZU,26002645112,VTV02KZU,Not found in Jira by Asset Name (update-only mode)
VTV02KZT,26002645111,VTV02KZT,Not found in Jira by Asset Name (update-only mode)
VTV02KZC,26002645110,VTV02KZC,Not found in Jira by Asset Name (update-only mode)
VTV02KZR,26002645109,VTV02KZR,Not found in Jira by Asset Name (update-only mode)
VTV02KZE,26002645108,VTV02KZE,Not found in Jira by Asset Name (update-only mode)
VTV05GKB,26002645107,VTV05GKB,Not found in Jira by Asset Name (update-only mode)
VTV028SJ,26002645106,VTV028SJ,Not found in Jira by Asset Name (update-only mode)
VTV02KXP,26002645105,VTV02KXP,Not found in Jira by Asset Name (update-only mode)
VTV05GYC,26002645104,VTV05GYC,Not found in Jira by Asset Name (update-only mode)
ABCSN02569L,26002508245,ABCSN02569L,Not found in Jira by Asset Name (update-only mode)
LAC  Monitor,26000958749,LAC  Monitor,Not found in Jira by Asset Name (update-only mode)
LAC  Monitor,26000958749,LAC  Monitor,Not found in Jira by Asset Name (update-only mode)
ABCFR02549L,26003688792,ABCFR02549L,Not found in Jira by Asset Name (update-only mode)
